date,unemployment_rate,real_gdp,gdp_growth,fed_funds_rate,cpi,cpi_yoy,consumer_sentiment,recession_flag,revolving_credit,cc_delinquency_rate,cc_chargeoff_rate
1977-02-01,7.6,6527.703,4.83003119905514,4.68,59.3,6.082289803220031,87.1,0,30533.9,,
1977-03-01,7.4,6527.703,4.83003119905514,4.69,59.6,6.428571428571428,87.1,0,30997.94,,
1977-04-01,7.2,6654.466,7.996901576106796,4.73,60.0,6.951871657754016,87.1,0,31817.66,,
1977-05-01,7.0,6654.466,7.996901576106796,5.35,60.2,6.737588652482285,90.2,0,32685.31,,
1977-06-01,7.2,6654.466,7.996901576106796,5.39,60.5,6.701940035273357,90.2,0,33430.02,,
1977-07-01,6.9,6774.457,7.410099822573013,5.42,60.8,6.666666666666665,90.2,0,33966.85,,
1977-08-01,7.0,6774.457,7.410099822573013,5.9,61.1,6.631762652705064,89.0,0,34605.8,,
1977-09-01,6.8,6774.457,7.410099822573013,6.14,61.3,6.423611111111094,89.0,0,35373.81,,
1977-10-01,6.8,6774.592,0.007971356844205246,6.47,61.6,6.390328151986191,89.0,0,36473.74,,
1977-11-01,6.8,6774.592,0.007971356844205246,6.51,62.0,6.712564543889843,84.4,0,36979.17,,
1977-12-01,6.4,6774.592,0.007971356844205246,6.56,62.3,6.67808219178081,84.4,0,37414.82,,
1978-01-01,6.4,6796.26,1.28551959621519,6.7,62.7,6.814310051107331,83.7,0,36924.59,,
1978-02-01,6.3,6796.26,1.28551959621519,6.78,63.0,6.2394603709949426,84.3,0,36894.21,,
1978-03-01,6.3,6796.26,1.28551959621519,6.79,63.4,6.375838926174482,78.8,0,37479.17,,
1978-04-01,6.1,7058.92,16.378592328367315,6.89,63.9,6.499999999999995,81.6,0,38343.03,,
1978-05-01,6.0,7058.92,16.378592328367315,7.36,64.5,7.14285714285714,82.9,0,39351.16,,
1978-06-01,5.9,7058.92,16.378592328367315,7.6,65.0,7.438016528925617,80.0,0,40546.99,,
1978-07-01,6.2,7129.915,4.084094813964612,7.81,65.5,7.7302631578947345,82.4,0,41535.08,,
1978-08-01,5.9,7129.915,4.084094813964612,8.04,65.9,7.855973813420625,78.4,0,42481.86,,
1978-09-01,6.0,7129.915,4.084094813964612,8.45,66.5,8.482871125611746,80.4,0,43510.36,,
1978-10-01,5.8,7225.75,5.485876694408098,8.96,67.1,8.92857142857142,79.3,0,44445.07,,
1978-11-01,5.9,7225.75,5.485876694408098,9.76,67.5,8.870967741935477,75.0,0,45040.68,,
1978-12-01,6.0,7225.75,5.485876694408098,10.03,67.9,8.988764044943842,66.1,0,45690.95,,
1979-01-01,5.9,7238.727,0.7203128095243594,10.07,68.5,9.250398724082931,72.1,0,45587.99,,
1979-02-01,5.9,7238.727,0.7203128095243594,10.06,69.2,9.84126984126985,73.9,0,45807.13,,
1979-03-01,5.8,7238.727,0.7203128095243594,10.09,69.9,10.252365930599371,68.4,0,46369.7,,
1979-04-01,5.8,7246.454,0.42766531295106436,10.01,70.6,10.485133020344284,66.0,0,47389.97,,
1979-05-01,5.6,7246.454,0.42766531295106436,10.24,71.4,10.697674418604652,68.1,0,48520.36,,
1979-06-01,5.7,7246.454,0.42766531295106436,10.29,72.2,11.076923076923073,65.8,0,49405.27,,
1979-07-01,5.7,7300.281,3.0044885228652785,10.47,73.0,11.45038167938932,60.4,0,50130.61,,
1979-08-01,6.0,7300.281,3.0044885228652785,10.94,73.7,11.836115326251884,64.5,0,51271.47,,
1979-09-01,5.9,7300.281,3.0044885228652785,11.43,74.4,11.879699248120312,66.7,0,52076.21,,
1979-10-01,6.0,7318.535,1.0039382904812877,13.77,75.2,12.071535022354718,62.1,0,53180.7,,
1979-11-01,5.9,7318.535,1.0039382904812877,13.18,76.0,12.592592592592599,63.3,0,53915.02,,
1979-12-01,6.0,7318.535,1.0039382904812877,13.78,76.9,13.254786450662737,61.0,0,53596.43,,
1980-01-01,6.3,7341.557,1.2642343775070453,13.82,78.0,13.868613138686126,67.0,0,53749.77,,
1980-02-01,6.3,7341.557,1.2642343775070453,14.13,79.0,14.161849710982644,66.9,1,54129.13,,
1980-03-01,6.3,7341.557,1.2642343775070453,17.19,80.1,14.592274678111572,56.5,1,54139.08,,
1980-04-01,6.9,7190.289,-7.990496864847274,17.61,80.9,14.589235127478762,52.7,1,53960.04,,
1980-05-01,7.5,7190.289,-7.990496864847274,10.98,81.7,14.425770308123242,51.7,1,53982.82,,
1980-06-01,7.6,7190.289,-7.990496864847274,9.47,82.5,14.265927977839322,58.7,1,53784.12,,
1980-07-01,7.8,7181.743,-0.47457208345880186,9.03,82.6,13.15068493150684,62.3,1,54051.61,,
1980-08-01,7.7,7181.743,-0.47457208345880186,9.61,83.2,12.890094979647216,67.3,0,54414.11,,
1980-09-01,7.5,7181.743,-0.47457208345880186,10.87,83.9,12.768817204301076,73.7,0,54391.28,,
1980-10-01,7.5,7315.677,7.6709761518592545,12.81,84.7,12.632978723404253,75.0,0,54357.3,,
1980-11-01,7.5,7315.677,7.6709761518592545,15.85,85.6,12.631578947368416,76.7,0,54445.86,,
1980-12-01,7.2,7315.677,7.6709761518592545,18.9,86.4,12.353706111833551,64.5,0,54970.05,,
1981-01-01,7.5,7459.022,8.071072858844008,19.08,87.2,11.794871794871797,71.4,0,55491.18,,
1981-02-01,7.4,7459.022,8.071072858844008,15.93,88.0,11.392405063291132,66.9,0,55811.35,,
1981-03-01,7.4,7459.022,8.071072858844008,14.7,88.6,10.611735330836458,66.5,0,56282.22,,
1981-04-01,7.2,7403.745,-2.9315137305306105,15.72,89.1,10.135970333745359,72.4,0,57125.32,,
1981-05-01,7.5,7403.745,-2.9315137305306105,18.52,89.7,9.79192166462668,76.3,0,57767.16,,
1981-06-01,7.5,7403.745,-2.9315137305306105,19.1,90.5,9.696969696969692,73.1,0,58742.01,,
1981-07-01,7.2,7492.405,4.876737921978669,19.04,91.5,10.774818401937058,74.1,0,59044.7,,
1981-08-01,7.4,7492.405,4.876737921978669,17.82,92.2,10.817307692307686,77.2,1,59299.19,,
1981-09-01,7.6,7492.405,4.876737921978669,15.87,93.1,10.96543504171632,73.1,1,60194.75,,
1981-10-01,7.9,7410.768,-4.287669691611439,15.08,93.4,10.271546635182993,70.3,1,60627.36,,
1981-11-01,8.3,7410.768,-4.287669691611439,13.31,93.8,9.579439252336464,62.5,1,60757.36,,
1981-12-01,8.5,7410.768,-4.287669691611439,12.37,94.1,8.912037037037024,64.3,1,60928.0,,
1982-01-01,8.6,7295.631,-6.071244125228514,13.22,94.4,8.25688073394495,71.0,1,61196.1,,
1982-02-01,8.9,7295.631,-6.071244125228514,14.78,94.7,7.613636363636367,66.5,1,61468.81,,
1982-03-01,9.0,7295.631,-6.071244125228514,14.68,94.7,6.884875846501148,62.0,1,61625.25,,
1982-04-01,9.3,7328.912,1.8372323833022897,14.94,95.0,6.621773288439958,65.5,1,62254.83,,
1982-05-01,9.4,7328.912,1.8372323833022897,14.45,95.9,6.911928651059096,67.5,1,62849.21,,
1982-06-01,9.6,7328.912,1.8372323833022897,14.15,97.0,7.182320441988943,65.7,1,63485.42,,
1982-07-01,9.8,7300.896,-1.5203219897144793,12.59,97.5,6.557377049180335,65.4,1,64340.66,,
1982-08-01,9.8,7300.896,-1.5203219897144793,10.12,97.7,5.965292841648595,65.4,1,64804.38,,
1982-09-01,10.1,7300.896,-1.5203219897144793,10.31,97.7,4.940923737916236,69.3,1,65141.16,,
1982-10-01,10.4,7303.817,0.16013121965614552,9.71,98.1,5.032119914346889,73.4,1,65446.13,,
1982-11-01,10.8,7303.817,0.16013121965614552,9.2,98.0,4.47761194029852,72.1,1,65640.31,,
1982-12-01,10.8,7303.817,0.16013121965614552,8.95,97.7,3.825717321997879,71.9,0,66348.3,,
1983-01-01,10.4,7400.066,5.3762743250762135,8.68,97.9,3.7076271186440746,70.4,0,66726.23,,
1983-02-01,10.4,7400.066,5.3762743250762135,8.51,98.0,3.484688489968324,74.6,0,66756.2,,
1983-03-01,10.3,7400.066,5.3762743250762135,8.77,98.1,3.5902851108764455,80.8,0,67541.54,,
1983-04-01,10.2,7568.456,9.417500386870458,8.8,98.8,4.0000000000000036,89.1,0,68403.34,,
1983-05-01,10.1,7568.456,9.417500386870458,8.63,99.2,3.44108446298228,93.3,0,68885.53,,
1983-06-01,10.1,7568.456,9.417500386870458,8.98,99.4,2.4742268041237248,92.2,0,70280.8,,
1983-07-01,9.4,7719.746,8.238778556686622,9.37,99.8,2.358974358974364,92.8,0,71540.34,,
1983-08-01,9.5,7719.746,8.238778556686622,9.56,100.1,2.456499488229258,90.9,0,72565.93,,
1983-09-01,9.2,7719.746,8.238778556686622,9.45,100.4,2.763561924257929,89.9,0,73563.89,,
1983-10-01,8.8,7880.794,8.609510690478949,9.48,100.8,2.752293577981657,89.3,0,75122.16,,
1983-11-01,8.5,7880.794,8.609510690478949,9.34,101.1,3.1632653061224536,91.1,0,76786.94,,
1983-12-01,8.3,7880.794,8.609510690478949,9.47,101.4,3.7871033776867957,94.2,0,79027.25,,
1984-01-01,8.0,8034.847,8.051436149363212,9.56,102.1,4.290091930541351,100.1,0,79113.94,,
1984-02-01,7.8,8034.847,8.051436149363212,9.59,102.6,4.693877551020398,97.4,0,80704.49,,
1984-03-01,7.8,8034.847,8.051436149363212,9.91,102.9,4.892966360856277,101.0,0,83057.09,,
1984-04-01,7.7,8173.67,7.092227921145411,10.29,103.3,4.5546558704453455,96.1,0,84327.07,,
1984-05-01,7.4,8173.67,7.092227921145411,10.32,103.5,4.3346774193548265,98.1,0,87090.05,,
1984-06-01,7.2,8173.67,7.092227921145411,11.06,103.7,4.325955734406439,95.5,0,89418.95,,
1984-07-01,7.5,8252.465,3.9121583211773503,11.23,104.1,4.308617234468937,96.6,0,90385.67,,
1984-08-01,7.5,8252.465,3.9121583211773503,11.64,104.4,4.295704295704317,99.1,0,92431.69,,
1984-09-01,7.3,8252.465,3.9121583211773503,11.3,104.7,4.2828685258964105,100.9,0,94471.91,,
1984-10-01,7.4,8320.199,3.3237334981508493,9.99,105.1,4.265873015873023,96.3,0,96233.11,,
1984-11-01,7.2,8320.199,3.3237334981508493,9.43,105.3,4.154302670623156,95.7,0,98135.9,,
1984-12-01,7.3,8320.199,3.3237334981508493,8.38,105.5,4.043392504930954,92.9,0,100385.63,,
1985-01-01,7.3,8400.82,3.932616954215429,8.35,105.7,3.52595494613126,96.0,0,102841.83,,1.9
1985-02-01,7.2,8400.82,3.932616954215429,8.5,106.3,3.6062378167641462,93.7,0,105340.46,,1.9
1985-03-01,7.2,8400.82,3.932616954215429,8.58,106.8,3.790087463556846,93.7,0,107950.35,,1.9
1985-04-01,7.3,8474.787,3.5686819441234086,8.27,107.0,3.581800580832528,94.6,0,110068.39,,2.26
1985-05-01,7.2,8474.787,3.5686819441234086,7.97,107.2,3.5748792270531515,91.8,0,111156.29,,2.26
1985-06-01,7.4,8474.787,3.5686819441234086,7.53,107.5,3.6644165863066513,96.5,0,112395.48,,2.26
1985-07-01,7.4,8604.22,6.250469591918373,7.88,107.7,3.458213256484166,94.0,0,114134.31,,2.67
1985-08-01,7.1,8604.22,6.250469591918373,7.9,107.9,3.3524904214559337,92.4,0,115993.7,,2.67
1985-09-01,7.1,8604.22,6.250469591918373,7.92,108.1,3.2473734479465,92.1,0,118336.14,,2.67
1985-10-01,7.1,8668.188,3.0071242489136063,7.99,108.5,3.2350142721217834,88.4,0,120236.06,,2.91
1985-11-01,7.0,8668.188,3.0071242489136063,8.05,109.0,3.5137701804368593,90.9,0,122546.42,,2.91
1985-12-01,7.0,8668.188,3.0071242489136063,8.27,109.5,3.791469194312791,93.9,0,124465.8,,2.91
1986-01-01,6.7,8749.127,3.7876300057981815,8.14,109.9,3.9735099337748325,95.6,0,127088.32,,3.13
1986-02-01,7.2,8749.127,3.7876300057981815,7.86,109.7,3.19849482596426,95.9,0,128797.56,,3.13
1986-03-01,7.2,8749.127,3.7876300057981815,7.48,109.1,2.1535580524344455,95.1,0,130177.99,,3.13
1986-04-01,7.1,8788.524,1.81338799275923,6.99,108.7,1.5887850467289688,96.2,0,132040.35,,3.2
1986-05-01,7.2,8788.524,1.81338799275923,6.85,109.0,1.679104477611948,94.8,0,133599.11,,3.2
1986-06-01,7.2,8788.524,1.81338799275923,6.92,109.4,1.7674418604651132,99.3,0,134409.45,,3.2
1986-07-01,7.0,8872.601,3.8819360303853134,6.56,109.5,1.671309192200554,97.7,0,135661.07,,3.39
1986-08-01,6.9,8872.601,3.8819360303853134,6.17,109.6,1.575532900834098,94.9,0,136858.57,,3.39
1986-09-01,7.0,8872.601,3.8819360303853134,5.89,110.0,1.757631822386685,91.9,0,137247.37,,3.39
1986-10-01,7.0,8920.193,2.1628963722985617,5.85,110.2,1.5668202764977046,95.6,0,138906.54,,3.39
1986-11-01,6.9,8920.193,2.1628963722985617,6.04,110.4,1.2844036697247763,91.4,0,139963.12,,3.39
1986-12-01,6.6,8920.193,2.1628963722985617,6.91,110.8,1.187214611872145,89.1,0,141068.15,,3.39
1987-01-01,6.6,8986.367,3.000563384000321,6.43,111.4,1.364877161055511,90.4,0,141107.87,,3.45
1987-02-01,6.6,8986.367,3.000563384000321,6.1,111.8,1.9143117593436676,90.2,0,142423.95,,3.45
1987-03-01,6.6,8986.367,3.000563384000321,6.13,112.2,2.8414298808432603,90.8,0,143101.73,,3.45
1987-04-01,6.3,9083.256,4.382961287554754,6.37,112.7,3.679852805887762,92.8,0,145491.85,,3.34
1987-05-01,6.3,9083.256,4.382961287554754,6.85,113.0,3.669724770642202,91.1,0,147306.5,,3.34
1987-06-01,6.2,9083.256,4.382961287554754,6.73,113.5,3.7477148080438782,91.5,0,149833.79,,3.34
1987-07-01,6.1,9162.024,3.5140933760950066,6.58,113.8,3.926940639269394,93.7,0,152397.41,,3.16
1987-08-01,6.0,9162.024,3.5140933760950066,6.73,114.3,4.2883211678832245,94.4,0,153871.2,,3.16
1987-09-01,5.9,9162.024,3.5140933760950066,7.22,114.7,4.2727272727272725,93.6,0,156460.89,,3.16
1987-10-01,6.0,9319.332,7.046737195980368,7.29,115.0,4.355716878402904,89.3,0,158074.33,,3.21
1987-11-01,5.8,9319.332,7.046737195980368,6.69,115.4,4.528985507246386,83.1,0,158018.95,,3.21
1987-12-01,5.7,9319.332,7.046737195980368,6.77,115.6,4.332129963898912,86.8,0,160853.91,,3.21
1988-01-01,5.7,9367.502,2.0836155247515586,6.83,116.0,4.129263913824044,90.8,0,164681.9,,3.18
1988-02-01,5.7,9367.502,2.0836155247515586,6.58,116.2,3.9355992844364973,91.6,0,165957.33,,3.18
1988-03-01,5.7,9367.502,2.0836155247515586,6.58,116.5,3.832442067736186,94.6,0,167525.9,,3.18
1988-04-01,5.4,9490.594,5.360640512271253,6.87,117.2,3.9929015084294583,91.2,0,169090.73,,3.24
1988-05-01,5.6,9490.594,5.360640512271253,7.09,117.5,3.9823008849557473,94.8,0,170749.58,,3.24
1988-06-01,5.4,9490.594,5.360640512271253,7.51,118.0,3.96475770925111,94.7,0,172963.18,,3.24
1988-07-01,5.4,9546.206,2.3645608041811927,7.75,118.5,4.130052724077338,93.4,0,174019.27,,3.21
1988-08-01,5.6,9546.206,2.3645608041811927,8.01,119.0,4.111986001749779,97.4,0,175868.92,,3.21
1988-09-01,5.4,9546.206,2.3645608041811927,8.19,119.5,4.184829991281602,97.3,0,177480.12,,3.21
1988-10-01,5.4,9673.405,5.437300004024448,8.3,119.9,4.260869565217407,94.1,0,179832.14,,3.12
1988-11-01,5.3,9673.405,5.437300004024448,8.35,120.3,4.246100519930662,93.0,0,183011.11,,3.12
1988-12-01,5.3,9673.405,5.437300004024448,8.76,120.7,4.4117647058823595,91.9,0,184593.12,,3.12
1989-01-01,5.4,9771.725,4.127984390835637,9.12,121.2,4.482758620689653,97.9,0,185723.07,,3.13
1989-02-01,5.2,9771.725,4.127984390835637,9.36,121.6,4.647160068846801,95.4,0,187614.8,,3.13
1989-03-01,5.0,9771.725,4.127984390835637,9.85,122.2,4.892703862660941,94.3,0,190924.09,,3.13
1989-04-01,5.2,9846.293,3.0875159816567965,9.84,123.1,5.034129692832767,91.5,0,193141.59,,3.16
1989-05-01,5.2,9846.293,3.0875159816567965,9.81,123.7,5.276595744680845,90.7,0,195155.98,,3.16
1989-06-01,5.3,9846.293,3.0875159816567965,9.53,124.1,5.1694915254237195,90.6,0,197683.95,,3.16
1989-07-01,5.2,9919.228,2.996026730798773,9.24,124.5,5.063291139240511,92.0,0,199528.82,,3.07
1989-08-01,5.2,9919.228,2.996026730798773,8.99,124.5,4.621848739495804,89.6,0,201862.61,,3.07
1989-09-01,5.3,9919.228,2.996026730798773,9.02,124.8,4.435146443514637,95.8,0,203176.98,,3.07
1989-10-01,5.3,9938.767,0.7902553724654204,8.84,125.4,4.587155963302747,93.9,0,204925.86,,3.21
1989-11-01,5.4,9938.767,0.7902553724654204,8.55,125.9,4.655029093931851,90.9,0,207625.3,,3.21
1989-12-01,5.4,9938.767,0.7902553724654204,8.45,126.3,4.639602319801162,90.5,0,211229.83,,3.21
1990-01-01,5.4,10047.386,4.443715206336063,8.23,127.5,5.198019801980203,93.0,0,213647.44,,3.1
1990-02-01,5.3,10047.386,4.443715206336063,8.24,128.0,5.263157894736836,89.5,0,216504.57,,3.1
1990-03-01,5.2,10047.386,4.443715206336063,8.28,128.6,5.237315875613735,91.3,0,217589.37,,3.1
1990-04-01,5.4,10083.855,1.4598041009069362,8.26,128.9,4.711616571892785,93.9,0,219769.62,,3.21
1990-05-01,5.4,10083.855,1.4598041009069362,8.18,129.1,4.365400161681476,90.6,0,223276.19,,3.21
1990-06-01,5.2,10083.855,1.4598041009069362,8.29,129.9,4.673650282030639,88.3,0,225664.82,,3.21
1990-07-01,5.5,10090.569,0.2665928225988212,8.15,130.5,4.819277108433728,88.2,0,229586.26,,3.55
1990-08-01,5.7,10090.569,0.2665928225988212,8.13,131.6,5.702811244979911,76.4,1,232414.91,,3.55
1990-09-01,5.9,10090.569,0.2665928225988212,8.2,132.5,6.169871794871806,72.8,1,234725.03,,3.55
1990-10-01,5.9,9998.704,-3.5921891840563047,8.11,133.4,6.379585326953752,63.9,1,236170.64,,3.79
1990-11-01,6.2,9998.704,-3.5921891840563047,7.81,133.7,6.195393169181873,66.0,1,239294.12,,3.79
1990-12-01,6.3,9998.704,-3.5921891840563047,7.31,134.2,6.254948535233562,65.5,1,238642.62,,3.79
1991-01-01,6.4,9951.916,-1.8586654113372458,6.91,134.7,5.647058823529405,66.8,1,238714.84,5.26,4.18
1991-02-01,6.6,9951.916,-1.8586654113372458,6.25,134.8,5.312500000000009,70.4,1,242288.12,5.26,4.18
1991-03-01,6.8,9951.916,-1.8586654113372458,6.12,134.8,4.821150855365497,87.7,1,246840.76,5.26,4.18
1991-04-01,6.7,10029.51,3.155421092405164,5.91,135.1,4.809930178432875,81.8,0,248743.89,5.48,4.6
1991-05-01,6.9,10029.51,3.155421092405164,5.78,135.6,5.034856700232382,78.3,0,250931.03,5.48,4.6
1991-06-01,6.9,10029.51,3.155421092405164,5.9,136.0,4.695919938414161,82.1,0,252246.44,5.48,4.6
1991-07-01,6.8,10080.195,2.0368096803061286,5.82,136.2,4.367816091954024,82.9,0,253720.26,5.35,4.83
1991-08-01,6.9,10080.195,2.0368096803061286,5.66,136.6,3.7993920972644313,82.0,0,255892.74,5.35,4.83
1991-09-01,6.9,10080.195,2.0368096803061286,5.45,137.0,3.396226415094339,83.0,0,258812.22,5.35,4.83
1991-10-01,7.0,10115.329,1.4014853407354977,5.21,137.2,2.8485757121439192,78.3,0,261348.24,5.32,4.59
1991-11-01,7.0,10115.329,1.4014853407354977,4.81,137.8,3.0665669409125185,69.1,0,262777.28,5.32,4.59
1991-12-01,7.3,10115.329,1.4014853407354977,4.43,138.2,2.980625931445613,68.2,0,263768.55,5.32,4.59
1992-01-01,7.3,10236.435,4.875702128564385,4.03,138.3,2.672605790645899,67.5,0,265386.49,5.27,4.91
1992-02-01,7.4,10236.435,4.875702128564385,4.06,138.6,2.8189910979228294,68.8,0,266482.13,5.27,4.91
1992-03-01,7.4,10236.435,4.875702128564385,3.98,139.1,3.189910979228472,76.0,0,266755.7,5.27,4.91
1992-04-01,7.4,10347.429,4.40826723196126,3.73,139.4,3.1828275351591495,77.2,0,267829.23,5.1,4.78
1992-05-01,7.6,10347.429,4.40826723196126,3.82,139.7,3.0235988200590036,79.2,0,268751.8,5.1,4.78
1992-06-01,7.8,10347.429,4.40826723196126,3.76,140.1,3.0147058823529305,80.4,0,270707.63,5.1,4.78
1992-07-01,7.7,10449.673,4.0114093053187805,3.25,140.5,3.1571218795888534,76.6,0,270817.59,4.98,4.34
1992-08-01,7.6,10449.673,4.0114093053187805,3.3,140.8,3.0746705710102518,76.1,0,272080.5,4.98,4.34
1992-09-01,7.6,10449.673,4.0114093053187805,3.22,141.1,2.9927007299270114,75.6,0,273176.96,4.98,4.34
1992-10-01,7.3,10558.648,4.237130110577936,3.1,141.7,3.279883381924198,73.3,0,275207.64,4.69,4.47
1992-11-01,7.4,10558.648,4.237130110577936,3.09,142.1,3.1204644412191396,85.3,0,275459.75,4.69,4.47
1992-12-01,7.4,10558.648,4.237130110577936,2.92,142.3,2.966714905933454,91.0,0,278449.67,4.69,4.47
1993-01-01,7.3,10576.275,0.6694489636257073,3.02,142.8,3.2537960954446943,89.3,0,280994.81,4.6,4.1
1993-02-01,7.1,10576.275,0.6694489636257073,3.03,143.1,3.2467532467532534,86.6,0,283531.25,4.6,4.1
1993-03-01,7.0,10576.275,0.6694489636257073,3.07,143.3,3.0194104960460155,85.9,0,284890.41,4.6,4.1
1993-04-01,7.1,10637.847,2.349098195512034,2.96,143.8,3.1563845050215145,85.6,0,286976.13,4.46,3.95
1993-05-01,7.1,10637.847,2.349098195512034,3.0,144.2,3.2211882605583497,80.3,0,288470.63,4.46,3.95
1993-06-01,7.0,10637.847,2.349098195512034,3.04,144.3,2.9978586723768963,81.5,0,289961.25,4.46,3.95
1993-07-01,6.9,10688.606,1.922323401252335,3.06,144.5,2.8469750889679624,77.0,0,294232.01,4.08,3.69
1993-08-01,6.8,10688.606,1.922323401252335,3.03,144.8,2.840909090909083,77.3,0,296264.17,4.08,3.69
1993-09-01,6.7,10688.606,1.922323401252335,3.09,145.0,2.7639971651311157,77.9,0,299447.98,4.08,3.69
1993-10-01,6.8,10833.987,5.552607515560171,2.99,145.6,2.752293577981657,82.7,0,301654.09,3.91,3.34
1993-11-01,6.6,10833.987,5.552607515560171,3.02,146.0,2.7445460942997935,81.2,0,306564.01,3.91,3.34
1993-12-01,6.5,10833.987,5.552607515560171,2.96,146.3,2.8109627547435068,88.2,0,309908.02,3.91,3.34
1994-01-01,6.6,10939.116,3.9383145785598206,3.05,146.3,2.450980392156854,94.3,0,312521.67,3.6,3.31
1994-02-01,6.6,10939.116,3.9383145785598206,3.25,146.7,2.515723270440251,93.2,0,315413.72,3.6,3.31
1994-03-01,6.5,10939.116,3.9383145785598206,3.34,147.1,2.6517794836008246,91.5,0,319777.37,3.6,3.31
1994-04-01,6.4,11087.361,5.531920621944741,3.56,147.2,2.364394993045882,92.6,0,325015.74,3.29,3.02
1994-05-01,6.1,11087.361,5.531920621944741,4.01,147.5,2.288488210818307,92.8,0,329097.63,3.29,3.02
1994-06-01,6.1,11087.361,5.531920621944741,4.25,147.9,2.494802494802495,91.2,0,334852.8,3.29,3.02
1994-07-01,6.1,11152.176,2.358922594417545,4.26,148.4,2.69896193771626,89.0,0,339945.48,3.25,2.97
1994-08-01,6.0,11152.176,2.358922594417545,4.47,149.0,2.900552486187835,91.7,0,347670.7,3.25,2.97
1994-09-01,5.9,11152.176,2.358922594417545,4.73,149.3,2.965517241379323,91.5,0,350083.91,3.25,2.97
1994-10-01,5.8,11279.932,4.661623552012917,4.76,149.4,2.609890109890123,92.7,0,352779.03,3.29,3.08
1994-11-01,5.6,11279.932,4.661623552012917,5.29,149.8,2.602739726027403,91.6,0,362592.72,3.29,3.08
1994-12-01,5.5,11279.932,4.661623552012917,5.45,150.1,2.597402597402576,95.1,0,365569.56,3.29,3.08
1995-01-01,5.6,11319.951,1.426692060899848,5.53,150.5,2.8708133971291794,97.6,0,372003.17,3.48,2.93
1995-02-01,5.4,11319.951,1.426692060899848,5.92,150.9,2.862985685071595,95.1,0,378103.38,3.48,2.93
1995-03-01,5.4,11319.951,1.426692060899848,5.98,151.2,2.7872195785180187,90.3,0,385559.92,3.48,2.93
1995-04-01,5.8,11353.721,1.1986418034171997,6.05,151.8,3.125000000000022,92.5,0,389743.58,3.7,3.27
1995-05-01,5.6,11353.721,1.1986418034171997,6.01,152.1,3.1186440677966054,89.8,0,398163.97,3.7,3.27
1995-06-01,5.6,11353.721,1.1986418034171997,6.0,152.4,3.0425963488843744,92.7,0,406087.43,3.7,3.27
1995-07-01,5.7,11450.31,3.446572845101481,5.85,152.6,2.8301886792452713,94.4,0,409141.29,3.85,3.67
1995-08-01,5.7,11450.31,3.446572845101481,5.74,152.9,2.6174496644295386,96.2,0,417565.74,3.85,3.67
1995-09-01,5.6,11450.31,3.446572845101481,5.8,153.1,2.54521098459477,88.9,0,429032.15,3.85,3.67
1995-10-01,5.5,11528.067,2.7441228269356355,5.76,153.5,2.7443105756358666,90.2,0,433450.42,3.95,3.93
1995-11-01,5.6,11528.067,2.7441228269356355,5.8,153.7,2.603471295060067,88.2,0,436740.16,3.95,3.93
1995-12-01,5.6,11528.067,2.7441228269356355,5.6,153.9,2.5316455696202667,91.0,0,443920.09,3.95,3.93
1996-01-01,5.6,11614.418,3.0300334801304896,5.56,154.7,2.7906976744185963,89.3,0,449994.68,4.04,4.22
1996-02-01,5.5,11614.418,3.0300334801304896,5.22,155.0,2.717031146454607,88.5,0,455597.38,4.04,4.22
1996-03-01,5.5,11614.418,3.0300334801304896,5.31,155.5,2.8439153439153486,93.7,0,461591.95,4.04,4.22
1996-04-01,5.6,11808.14,6.840562512153747,5.22,156.1,2.832674571805005,92.7,0,465781.59,4.27,4.45
1996-05-01,5.6,11808.14,6.840562512153747,5.24,156.4,2.827087442472065,89.4,0,470659.79,4.27,4.45
1996-06-01,5.3,11808.14,6.840562512153747,5.27,156.7,2.8215223097112663,92.4,0,474262.36,4.27,4.45
1996-07-01,5.5,11914.063,3.6367045102697393,5.4,157.0,2.8833551769331667,94.7,0,479267.01,4.46,4.46
1996-08-01,5.1,11914.063,3.6367045102697393,5.22,157.2,2.8122956180510084,95.3,0,483293.11,4.46,4.46
1996-09-01,5.2,11914.063,3.6367045102697393,5.3,157.7,3.0045721750489918,94.7,0,486284.81,4.46,4.46
1996-10-01,5.2,12037.775,4.218619792882206,5.24,158.2,3.0618892508143203,96.5,0,490441.62,4.6,4.65
1996-11-01,5.4,12037.775,4.218619792882206,5.31,158.7,3.2530904359141077,99.2,0,497511.48,4.6,4.65
1996-12-01,5.4,12037.775,4.218619792882206,5.29,159.1,3.378817413905133,96.9,0,507516.57,4.6,4.65
1997-01-01,5.3,12115.472,2.606876339161013,5.25,159.4,3.0381383322559907,97.4,0,510470.26,4.7,4.92
1997-02-01,5.2,12115.472,2.606876339161013,5.19,159.7,3.0322580645161246,99.7,0,511713.55,4.7,4.92
1997-03-01,5.2,12115.472,2.606876339161013,5.39,159.8,2.7652733118971096,100.0,0,511956.09,4.7,4.92
1997-04-01,5.1,12317.221,6.82910306346467,5.51,159.9,2.434336963484962,101.4,0,511864.57,4.73,5.38
1997-05-01,4.9,12317.221,6.82910306346467,5.5,159.9,2.237851662404089,103.2,0,514481.11,4.73,5.38
1997-06-01,5.0,12317.221,6.82910306346467,5.56,160.2,2.233567326100827,104.5,0,515566.18,4.73,5.38
1997-07-01,4.9,12471.01,5.088592369662481,5.52,160.4,2.165605095541401,107.1,0,520896.35,4.7,5.49
1997-08-01,4.8,12471.01,5.088592369662481,5.54,160.8,2.2900763358778775,104.4,0,524444.78,4.7,5.49
1997-09-01,4.9,12471.01,5.088592369662481,5.54,161.2,2.21940393151554,106.0,0,528722.4,4.7,5.49
1997-10-01,4.7,12577.495,3.4594352765334735,5.5,161.5,2.0859671302149163,105.6,0,532044.28,4.81,5.4
1997-11-01,4.6,12577.495,3.4594352765334735,5.52,161.7,1.8903591682419618,107.2,0,534807.8,4.81,5.4
1997-12-01,4.7,12577.495,3.4594352765334735,5.5,161.8,1.6970458830924073,102.1,0,540005.56,4.81,5.4
1998-01-01,4.6,12703.742,4.075869285119382,5.56,162.0,1.6311166875784044,106.6,0,537942.46,4.76,5.25
1998-02-01,4.6,12703.742,4.075869285119382,5.51,162.0,1.440200375704448,110.4,0,538894.29,4.76,5.25
1998-03-01,4.7,12703.742,4.075869285119382,5.49,162.0,1.3767209011263937,106.5,0,541447.51,4.76,5.25
1998-04-01,4.3,12821.339,3.7544834253859127,5.45,162.2,1.4383989993745905,108.7,0,560906.83,4.76,5.21
1998-05-01,4.4,12821.339,3.7544834253859127,5.49,162.6,1.6885553470919357,106.5,0,559834.13,4.76,5.21
1998-06-01,4.5,12821.339,3.7544834253859127,5.56,162.8,1.6229712858926382,105.6,0,561550.45,4.76,5.21
1998-07-01,4.5,12982.752,5.131657567089287,5.54,163.2,1.74563591022443,105.2,0,560553.94,4.72,5.27
1998-08-01,4.5,12982.752,5.131657567089287,5.55,163.4,1.6169154228855787,104.4,0,564420.41,4.72,5.27
1998-09-01,4.6,12982.752,5.131657567089287,5.51,163.5,1.4267990074441794,100.9,0,568615.69,4.72,5.27
1998-10-01,4.5,13191.67,6.5938306202171,5.07,163.9,1.4860681114551078,97.4,0,572289.34,4.74,5.06
1998-11-01,4.4,13191.67,6.5938306202171,4.83,164.1,1.4842300556586308,102.7,0,571207.79,4.74,5.06
1998-12-01,4.4,13191.67,6.5938306202171,4.68,164.4,1.606922126081578,100.5,0,581414.78,4.74,5.06
1999-01-01,4.3,13315.597,3.811019553404549,4.63,164.7,1.6666666666666607,103.9,0,585177.01,4.66,4.92
1999-02-01,4.4,13315.597,3.811019553404549,4.76,164.7,1.6666666666666607,108.1,0,585454.04,4.66,4.92
1999-03-01,4.2,13315.597,3.811019553404549,4.81,164.8,1.7283950617283939,105.7,0,585157.22,4.66,4.92
1999-04-01,4.3,13426.748,3.3810124692359445,4.74,165.9,2.281134401972884,104.6,0,585734.42,4.58,4.33
1999-05-01,4.2,13426.748,3.3810124692359445,4.74,166.0,2.091020910209096,106.8,0,588377.69,4.58,4.33
1999-06-01,4.3,13426.748,3.3810124692359445,4.76,166.0,1.9656019656019597,107.3,0,594610.74,4.58,4.33
1999-07-01,4.3,13604.771,5.409946332000204,4.99,166.7,2.1446078431372584,106.0,0,600995.38,4.6,4.48
1999-08-01,4.2,13604.771,5.409946332000204,5.07,167.1,2.2643818849449104,104.5,0,603528.93,4.6,4.48
1999-09-01,4.2,13604.771,5.409946332000204,5.22,167.8,2.629969418960254,107.2,0,606886.56,4.6,4.48
1999-10-01,4.1,13827.98,6.725949432846856,5.2,168.1,2.56253813300793,103.2,0,608141.54,4.55,4.46
1999-11-01,4.1,13827.98,6.725949432846856,5.42,168.4,2.6203534430225606,107.2,0,610101.83,4.55,4.46
1999-12-01,4.0,13827.98,6.725949432846856,5.3,168.8,2.676399026763998,105.4,0,610696.47,4.55,4.46
2000-01-01,4.0,13878.147,1.4590898958846132,5.45,169.3,2.792956891317555,112.0,0,614846.55,4.43,4.53
2000-02-01,4.1,13878.147,1.4590898958846132,5.73,170.0,3.2179720704310855,111.3,0,617332.56,4.43,4.53
2000-03-01,4.0,13878.147,1.4590898958846132,5.85,171.0,3.762135922330101,107.1,0,622510.97,4.43,4.53
2000-04-01,3.8,14130.908,7.486604163244581,6.02,170.9,3.013863773357439,109.2,0,625735.94,4.51,4.1
2000-05-01,4.0,14130.908,7.486604163244581,6.27,171.2,3.1325301204819134,110.7,0,631857.15,4.51,4.1
2000-06-01,4.0,14130.908,7.486604163244581,6.53,172.2,3.7349397590361377,106.4,0,639158.55,4.51,4.1
2000-07-01,4.0,14145.312,0.40835418430409387,6.54,172.7,3.5992801439711952,108.3,0,646927.01,4.53,4.23
2000-08-01,4.1,14145.312,0.40835418430409387,6.5,172.7,3.3512866546977715,107.3,0,656021.89,4.53,4.23
2000-09-01,3.9,14145.312,0.40835418430409387,6.52,173.6,3.45649582836709,106.8,0,661996.81,4.53,4.23
2000-10-01,3.9,14229.765,2.4096277444537906,6.51,173.9,3.4503271861986873,105.8,0,667948.15,4.57,4.34
2000-11-01,3.9,14229.765,2.4096277444537906,6.51,174.2,3.444180522565321,107.6,0,673994.74,4.57,4.34
2000-12-01,3.9,14229.765,2.4096277444537906,6.4,174.6,3.4360189573459543,98.4,0,682646.37,4.57,4.34
2001-01-01,4.2,14183.12,-1.304762184579944,5.98,175.6,3.7212049616065945,94.7,0,686761.5,4.81,4.65
2001-02-01,4.2,14183.12,-1.304762184579944,5.49,176.0,3.529411764705892,90.6,0,697982.51,4.81,4.65
2001-03-01,4.3,14183.12,-1.304762184579944,5.31,176.1,2.9824561403508643,91.5,0,702560.77,4.81,4.65
2001-04-01,4.4,14271.694,2.5215095311051705,4.8,176.4,3.2182562902282053,88.4,1,707447.02,4.94,5.21
2001-05-01,4.3,14271.694,2.5215095311051705,4.21,177.3,3.5630841121495394,92.0,1,709590.51,4.94,5.21
2001-06-01,4.5,14271.694,2.5215095311051705,3.97,177.7,3.193960511033689,92.6,1,712002.55,4.94,5.21
2001-07-01,4.6,14214.516,-1.5929517725444375,3.77,177.4,2.7214823393167498,92.4,1,707890.02,5.0,5.52
2001-08-01,4.9,14214.516,-1.5929517725444375,3.65,177.4,2.7214823393167498,91.5,1,706691.34,5.0,5.52
2001-09-01,5.0,14214.516,-1.5929517725444375,3.07,178.1,2.5921658986175045,81.8,1,707262.63,5.0,5.52
2001-10-01,5.3,14253.574,1.1036401883300906,2.49,177.6,2.127659574468077,82.7,1,705408.52,4.69,6.28
2001-11-01,5.5,14253.574,1.1036401883300906,2.09,177.5,1.894374282433997,83.9,1,712658.74,4.69,6.28
2001-12-01,5.7,14253.574,1.1036401883300906,1.82,177.4,1.603665521191311,88.8,0,714840.73,4.69,6.28
2002-01-01,5.7,14372.785,3.3876388749031205,1.73,177.7,1.1958997722095743,93.0,0,714781.5,4.94,7.78
2002-02-01,5.7,14372.785,3.3876388749031205,1.74,178.0,1.1363636363636465,90.7,0,714822.1,4.94,7.78
2002-03-01,5.7,14372.785,3.3876388749031205,1.73,178.5,1.3628620102214661,95.7,0,719956.04,4.94,7.78
2002-04-01,5.9,14460.848,2.4734430447546085,1.75,179.3,1.643990929705219,93.0,0,725227.7,4.78,6.19
2002-05-01,5.8,14460.848,2.4734430447546085,1.75,179.5,1.2408347433727984,96.9,0,728364.1,4.78,6.19
2002-06-01,5.8,14460.848,2.4734430447546085,1.75,179.6,1.0692177827799743,92.4,0,732813.38,4.78,6.19
2002-07-01,5.8,14519.633,1.635987710669795,1.73,180.0,1.465614430665152,88.1,0,736264.46,4.89,6.18
2002-08-01,5.7,14519.633,1.635987710669795,1.74,180.5,1.747463359639223,87.6,0,740489.45,4.89,6.18
2002-09-01,5.7,14519.633,1.635987710669795,1.75,180.8,1.516002245929271,86.1,0,743326.36,4.89,6.18
2002-10-01,5.7,14537.58,0.495337658367756,1.75,181.2,2.0270270270270174,80.6,0,747939.58,4.84,5.48
2002-11-01,5.9,14537.58,0.495337658367756,1.34,181.5,2.2535211267605604,84.2,0,749906.22,4.84,5.48
2002-12-01,6.0,14537.58,0.495337658367756,1.24,181.8,2.4802705749718212,86.7,0,750947.45,4.84,5.48
2003-01-01,5.8,14614.141,2.12326755305412,1.24,182.6,2.757456387169399,82.4,0,754789.4,4.68,5.83
2003-02-01,5.9,14614.141,2.12326755305412,1.26,183.6,3.146067415730336,79.9,0,758601.34,4.68,5.83
2003-03-01,5.9,14614.141,2.12326755305412,1.25,183.9,3.025210084033625,77.6,0,759655.21,4.68,5.83
2003-04-01,6.0,14743.567,3.5898246978526505,1.26,183.2,2.175125488008911,86.0,0,760752.43,4.53,5.96
2003-05-01,6.1,14743.567,3.5898246978526505,1.26,182.9,1.8941504178273005,92.1,0,763704.74,4.53,5.96
2003-06-01,6.3,14743.567,3.5898246978526505,1.22,183.1,1.948775055679297,89.7,0,763814.88,4.53,5.96
2003-07-01,6.2,14988.782,6.820621845919783,1.01,183.7,2.055555555555544,90.9,0,764388.66,4.24,5.57
2003-08-01,6.1,14988.782,6.820621845919783,1.03,184.5,2.216066481994461,89.3,0,766324.4,4.24,5.57
2003-09-01,6.1,14988.782,6.820621845919783,1.01,185.1,2.378318584070782,87.7,0,766041.92,4.24,5.57
2003-10-01,6.0,15162.76,4.724349381684623,1.01,184.9,2.041942604856528,89.6,0,765535.19,4.43,5.95
2003-11-01,5.8,15162.76,4.724349381684623,1.0,185.0,1.9283746556473913,93.7,0,765007.92,4.43,5.95
2003-12-01,5.7,15162.76,4.724349381684623,0.98,185.5,2.0352035203520247,92.6,0,768258.31,4.43,5.95
2004-01-01,5.7,15248.68,2.28594433046867,1.0,186.3,2.026286966046009,103.8,0,770672.5,4.21,5.47
2004-02-01,5.6,15248.68,2.28594433046867,1.01,186.7,1.688453159041381,94.4,0,772362.27,4.21,5.47
2004-03-01,5.8,15248.68,2.28594433046867,1.0,187.1,1.7400761283306032,95.8,0,778092.48,4.21,5.47
2004-04-01,5.6,15366.85,3.1360288812639414,1.0,187.4,2.2925764192139875,94.2,0,775554.79,4.15,5.27
2004-05-01,5.6,15366.85,3.1360288812639414,1.0,188.2,2.8977583378895444,90.2,0,778088.65,4.15,5.27
2004-06-01,5.6,15366.85,3.1360288812639414,1.03,188.9,3.1676679410158393,95.6,0,779731.22,4.15,5.27
2004-07-01,5.5,15512.619,3.8487076162528,1.26,189.1,2.939575394665228,96.7,0,786087.14,4.07,4.47
2004-08-01,5.4,15512.619,3.8487076162528,1.43,189.2,2.5474254742547275,95.9,0,787011.66,4.07,4.47
2004-09-01,5.4,15512.619,3.8487076162528,1.61,189.8,2.5391680172879516,94.2,0,793635.81,4.07,4.47
2004-10-01,5.5,15670.88,4.143707818439446,1.76,190.8,3.1909140075716547,91.7,0,796696.49,4.03,4.65
2004-11-01,5.4,15670.88,4.143707818439446,1.93,191.7,3.621621621621607,92.8,0,797184.97,4.03,4.65
2004-12-01,5.4,15670.88,4.143707818439446,2.16,191.7,3.3423180592991875,97.1,0,799552.18,4.03,4.65
2005-01-01,5.3,15844.727,4.5118422661180935,2.28,191.6,2.8448738593666034,95.5,0,804635.76,3.7,4.7
2005-02-01,5.4,15844.727,4.5118422661180935,2.5,192.4,3.0530262453133394,94.1,0,804107.29,3.7,4.7
2005-03-01,5.2,15844.727,4.5118422661180935,2.63,193.1,3.2068412613575736,92.6,0,804639.97,3.7,4.7
2005-04-01,5.2,15922.782,1.9851064291597664,2.79,193.7,3.3617929562433257,87.7,0,810558.39,3.67,4.26
2005-05-01,5.1,15922.782,1.9851064291597664,3.0,193.6,2.869287991498415,86.9,0,809211.55,3.67,4.26
2005-06-01,5.0,15922.782,1.9851064291597664,3.04,193.7,2.541026998411855,96.0,0,814181.65,3.67,4.26
2005-07-01,5.0,16047.587,3.172311000902628,3.26,194.9,3.067160232681121,96.5,0,814908.46,3.9,4.34
2005-08-01,4.9,16047.587,3.172311000902628,3.5,196.1,3.6469344608879517,89.1,0,817842.41,3.9,4.34
2005-09-01,5.0,16047.587,3.172311000902628,3.62,198.8,4.741833508956805,76.9,0,819651.75,3.9,4.34
2005-10-01,5.0,16136.734,2.2406507440459578,3.78,199.1,4.350104821802936,74.2,0,821082.67,3.54,6.07
2005-11-01,5.0,16136.734,2.2406507440459578,4.0,198.1,3.3385498174230532,81.6,0,825878.08,3.54,6.07
2005-12-01,4.9,16136.734,2.2406507440459578,4.16,198.1,3.3385498174230532,91.5,0,829518.36,3.54,6.07
2006-01-01,4.7,16353.835,5.491115888112441,4.29,199.3,4.018789144050117,91.2,0,879577.12,3.86,3.18
2006-02-01,4.8,16353.835,5.491115888112441,4.49,199.4,3.63825363825363,86.7,0,885289.73,3.86,3.18
2006-03-01,4.7,16353.835,5.491115888112441,4.59,199.7,3.4179181771103018,88.9,0,888243.58,3.86,3.18
2006-04-01,4.7,16396.151,1.0390351677306064,4.79,200.7,3.613835828600931,87.4,0,893526.92,4.13,3.44
2006-05-01,4.6,16396.151,1.0390351677306064,4.94,201.3,3.9772727272727293,79.1,0,899471.33,4.13,3.44
2006-06-01,4.6,16396.151,1.0390351677306064,4.99,201.8,4.1817243159525175,84.9,0,897483.31,4.13,3.44
2006-07-01,4.7,16420.738,0.6011742586201629,5.24,202.9,4.104669061056954,84.7,0,898676.63,4.12,3.83
2006-08-01,4.7,16420.738,0.6011742586201629,5.25,203.8,3.926568077511483,82.0,0,903924.28,4.12,3.83
2006-09-01,4.5,16420.738,0.6011742586201629,5.25,202.8,2.012072434607637,85.4,0,907814.35,4.12,3.83
2006-10-01,4.4,16561.866,3.4823729200428755,5.25,201.9,1.4063284781516971,93.6,0,911614.51,3.95,3.69
2006-11-01,4.5,16561.866,3.4823729200428755,5.25,202.0,1.9687026754164672,92.1,0,917346.18,3.95,3.69
2006-12-01,4.4,16561.866,3.4823729200428755,5.24,203.1,2.5239777889954462,91.7,0,923876.78,3.95,3.69
2007-01-01,4.6,16611.69,1.2087836914185912,5.25,203.437,2.075765178123423,96.9,0,927629.46,3.98,4.02
2007-02-01,4.5,16611.69,1.2087836914185912,5.26,204.226,2.420260782347028,91.3,0,933355.8,3.98,4.02
2007-03-01,4.4,16611.69,1.2087836914185912,5.26,205.288,2.798197295943927,88.4,0,938463.58,3.98,4.02
2007-04-01,4.5,16713.314,2.4695947150627617,5.25,205.904,2.5929247633283525,87.1,0,941386.51,4.02,3.73
2007-05-01,4.4,16713.314,2.4695947150627617,5.25,206.755,2.709885742672613,88.3,0,950626.04,4.02,3.73
2007-06-01,4.6,16713.314,2.4695947150627617,5.25,207.234,2.692765113974227,85.3,0,953925.09,4.02,3.73
2007-07-01,4.7,16809.587,2.3240880884577653,5.26,207.603,2.3178905864958077,90.4,0,958322.31,4.41,3.9
2007-08-01,4.6,16809.587,2.3240880884577653,5.02,207.667,1.897448478900876,83.4,0,968225.62,4.41,3.9
2007-09-01,4.7,16809.587,2.3240880884577653,4.94,208.547,2.8338264299802685,83.4,0,975499.77,4.41,3.9
2007-10-01,4.7,16915.191,2.5367271478347497,4.76,209.19,3.610698365527476,80.9,0,982852.85,4.6,4.31
2007-11-01,4.7,16915.191,2.5367271478347497,4.49,210.834,4.373267326732666,76.1,0,994565.28,4.6,4.31
2007-12-01,5.0,16915.191,2.5367271478347497,4.24,211.445,4.108813392417532,75.5,0,1001625.3,4.6,4.31
2008-01-01,5.0,16843.003,-1.6961606735480972,3.94,212.174,4.294695655165981,78.4,1,1008034.46,4.77,4.77
2008-02-01,4.9,16843.003,-1.6961606735480972,2.98,212.687,4.142959270611968,70.8,1,1014944.46,4.77,4.77
2008-03-01,5.1,16843.003,-1.6961606735480972,2.61,213.448,3.9749035501344343,69.5,1,1016772.0,4.77,4.77
2008-04-01,5.0,16943.291,2.403069701864058,2.28,213.942,3.9037609759888126,62.6,1,1018531.96,4.9,5.26
2008-05-01,5.4,16943.291,2.403069701864058,1.98,215.208,4.088413823123993,59.8,1,1019636.96,4.9,5.26
2008-06-01,5.6,16943.291,2.403069701864058,2.0,217.463,4.935966105947864,56.4,1,1019322.07,4.9,5.26
2008-07-01,5.8,16854.295,-2.0845363314131338,2.01,219.016,5.497512078341837,61.2,1,1018363.9,4.8,5.77
2008-08-01,6.1,16854.295,-2.0845363314131338,2.0,218.69,5.308017162091239,63.0,1,1017430.52,4.8,5.77
2008-09-01,6.1,16854.295,-2.0845363314131338,1.81,218.877,4.953319875136075,70.3,1,1012560.94,4.8,5.77
2008-10-01,6.5,16485.35,-8.472768957225274,0.97,216.995,3.7310578899565128,57.6,1,1016461.34,5.64,6.52
2008-11-01,6.8,16485.35,-8.472768957225274,0.39,213.153,1.0999174706166848,55.3,1,1010482.06,5.64,6.52
2008-12-01,7.3,16485.35,-8.472768957225274,0.16,211.398,-0.02222800255385904,60.1,1,1003997.04,5.64,6.52
2009-01-01,7.8,16298.262,-4.462803810727223,0.15,211.933,-0.11358601902212717,61.2,1,1007215.24,6.51,7.69
2009-02-01,8.3,16298.262,-4.462803810727223,0.22,212.705,0.008463140671510772,56.3,1,998876.18,6.51,7.69
2009-03-01,8.7,16298.262,-4.462803810727223,0.18,212.495,-0.4464787676623838,57.3,1,984512.63,6.51,7.69
2009-04-01,9.0,16269.145,-0.7126911125331037,0.15,212.709,-0.5763244243767063,65.1,1,980666.14,6.77,9.31
2009-05-01,9.4,16269.145,-0.7126911125331037,0.18,213.022,-1.015761495855172,68.7,1,966760.34,6.77,9.31
2009-06-01,9.5,16269.145,-0.7126911125331037,0.21,214.79,-1.2291746182109153,70.8,1,963147.09,6.77,9.31
2009-07-01,9.5,16326.281,1.4121870876976361,0.16,214.726,-1.9587610037622771,66.0,0,960217.34,6.49,10.22
2009-08-01,9.6,16326.281,1.4121870876976361,0.16,215.445,-1.4838355663267633,65.7,0,952045.04,6.49,10.22
2009-09-01,9.8,16326.281,1.4121870876976361,0.15,215.861,-1.377942862886472,73.5,0,947923.26,6.49,10.22
2009-10-01,10.0,16502.754,4.394263592305325,0.12,216.509,-0.22396829420033848,70.6,0,940392.11,6.33,10.54
2009-11-01,9.9,16502.754,4.394263592305325,0.12,217.234,1.9145871744709275,67.4,0,924820.91,6.33,10.54
2009-12-01,9.9,16502.754,4.394263592305325,0.12,217.347,2.8141231232083674,72.5,0,916076.63,6.33,10.54
2010-01-01,9.8,16582.71,1.952133820572155,0.11,217.488,2.6211113889767157,74.4,0,909531.16,5.78,10.51
2010-02-01,9.8,16582.71,1.952133820572155,0.13,217.281,2.151336357866529,73.6,0,902330.23,5.78,10.51
2010-03-01,9.9,16582.71,1.952133820572155,0.16,217.353,2.2861714393279886,73.6,0,897879.61,5.78,10.51
2010-04-01,9.9,16743.162,3.926881074055233,0.2,217.403,2.2067707525304403,72.2,0,896602.91,5.1,10.43
2010-05-01,9.6,16743.162,3.926881074055233,0.2,217.29,2.003548929218568,73.6,0,882595.44,5.1,10.43
2010-06-01,9.4,16743.162,3.926881074055233,0.18,217.199,1.1215605940686268,76.0,0,877043.12,5.1,10.43
2010-07-01,9.4,16872.266,3.1201978026194954,0.18,217.605,1.3407784804821077,67.8,0,873223.28,4.58,8.77
2010-08-01,9.5,16872.266,3.1201978026194954,0.19,217.923,1.1501775395112546,68.9,0,866784.93,4.58,8.77
2010-09-01,9.5,16872.266,3.1201978026194954,0.19,218.275,1.1183122472331775,68.2,0,862090.68,4.58,8.77
2010-10-01,9.4,16960.864,2.117043484228409,0.19,219.035,1.1666951489314625,67.7,0,855380.39,4.14,7.91
2010-11-01,9.8,16960.864,2.117043484228409,0.19,219.59,1.084544776600338,71.6,0,851023.71,4.14,7.91
2010-12-01,9.3,16960.864,2.117043484228409,0.18,220.472,1.437793022217937,74.5,0,839102.67,4.14,7.91
2011-01-01,9.1,16920.632,-0.9454489541211974,0.17,221.187,1.7007834915029774,74.2,0,835418.27,3.82,6.93
2011-02-01,9.0,16920.632,-0.9454489541211974,0.16,221.898,2.124898173333145,77.5,0,833744.99,3.82,6.93
2011-03-01,9.0,16920.632,-0.9454489541211974,0.14,223.046,2.619241510354109,67.5,0,835667.93,3.82,6.93
2011-04-01,9.1,17035.114,2.7339190839842376,0.1,224.093,3.0772344447868694,69.8,0,834226.14,3.65,5.31
2011-05-01,9.0,17035.114,2.7339190839842376,0.09,224.806,3.4589718808964998,74.3,0,832510.72,3.65,5.31
2011-06-01,9.1,17035.114,2.7339190839842376,0.09,224.806,3.5023181506360412,71.5,0,836248.43,3.65,5.31
2011-07-01,9.0,17031.313,-0.08922107662069356,0.07,225.395,3.5798809769996165,63.7,0,836459.22,3.45,5.85
2011-08-01,9.0,17031.313,-0.08922107662069356,0.1,226.106,3.75499603070808,55.8,0,836213.6,3.45,5.85
2011-09-01,9.0,17031.313,-0.08922107662069356,0.08,226.597,3.812621692818685,59.5,0,838293.07,3.45,5.85
2011-10-01,8.8,17222.583,4.568438742179692,0.07,226.75,3.5222681306640524,60.8,0,838235.09,3.25,4.63
2011-11-01,8.6,17222.583,4.568438742179692,0.08,227.169,3.451432214581729,63.7,0,842069.65,3.25,4.63
2011-12-01,8.5,17222.583,4.568438742179692,0.07,227.223,3.062066838419386,69.9,0,840164.23,3.25,4.63
2012-01-01,8.3,17367.01,3.396793738645587,0.08,227.842,3.0087663379855023,75.0,0,840484.51,3.06,4.24
2012-02-01,8.3,17367.01,3.396793738645587,0.1,228.329,2.8981784423473878,75.3,0,842731.81,3.06,4.24
2012-03-01,8.2,17367.01,3.396793738645587,0.13,228.807,2.5828752813320977,76.2,0,842774.94,3.06,4.24
2012-04-01,8.2,17444.525,1.7973274732638433,0.14,229.187,2.2731633741348567,76.4,0,838276.76,2.92,3.95
2012-05-01,8.2,17444.525,1.7973274732638433,0.16,228.713,1.7379429374660749,79.3,0,839975.12,2.92,3.95
2012-06-01,8.2,17444.525,1.7973274732638433,0.16,228.524,1.653870448297634,73.2,0,838818.52,2.92,3.95
2012-07-01,8.2,17469.65,0.5773578286532466,0.16,228.59,1.4175114798464783,72.3,0,837490.26,2.82,3.93
2012-08-01,8.1,17469.65,0.5773578286532466,0.13,229.918,1.6859349154821235,74.3,0,841409.15,2.82,3.93
2012-09-01,7.8,17469.65,0.5773578286532466,0.14,231.015,1.9497168982819613,78.3,0,841567.54,2.82,3.93
2012-10-01,7.8,17489.852,0.4633651980530562,0.16,231.638,2.1556780595369363,82.6,0,843409.68,2.71,3.84
2012-11-01,7.7,17489.852,0.4633651980530562,0.16,231.249,1.7960197033926262,82.7,0,845827.77,2.71,3.84
2012-12-01,7.9,17489.852,0.4633651980530562,0.16,231.221,1.7595049796895523,72.9,0,839980.84,2.71,3.84
2013-01-01,8.0,17662.4,4.005025807945661,0.14,231.679,1.684061762098299,73.8,0,844794.66,2.64,3.7
2013-02-01,7.7,17662.4,4.005025807945661,0.15,232.937,2.0181404902574807,77.6,0,850406.45,2.64,3.7
2013-03-01,7.5,17662.4,4.005025807945661,0.14,232.282,1.5187472411246183,78.6,0,849563.63,2.64,3.7
2013-04-01,7.6,17709.671,1.0748507650766292,0.15,231.797,1.138808047576867,76.4,0,847856.23,2.53,3.47
2013-05-01,7.5,17709.671,1.0748507650766292,0.11,231.893,1.3903888279197085,84.5,0,851751.63,2.53,3.47
2013-06-01,7.5,17709.671,1.0748507650766292,0.09,232.445,1.7157935271568725,84.1,0,850688.48,2.53,3.47
2013-07-01,7.3,17860.45,3.4493139225505898,0.09,232.9,1.885471805415806,85.1,0,850854.89,2.44,3.37
2013-08-01,7.2,17860.45,3.4493139225505898,0.08,233.456,1.538809488600279,82.1,0,852378.38,2.44,3.37
2013-09-01,7.2,17860.45,3.4493139225505898,0.08,233.544,1.0947341081747997,77.5,0,853263.62,2.44,3.37
2013-10-01,7.2,18016.147,3.532828598657445,0.09,233.669,0.8767991434911471,73.2,0,856964.62,2.38,3.37
2013-11-01,6.9,18016.147,3.532828598657445,0.08,234.1,1.2328701961954458,75.1,0,852439.84,2.38,3.37
2013-12-01,6.7,18016.147,3.532828598657445,0.09,234.719,1.5128383667573297,82.5,0,854138.8,2.38,3.37
2014-01-01,6.6,17953.974,-1.3732548917761767,0.07,235.288,1.557758795574915,81.2,0,860896.56,2.32,3.24
2014-02-01,6.7,17953.974,-1.3732548917761767,0.07,235.547,1.1204746347724948,81.6,0,866697.65,2.32,3.24
2014-03-01,6.7,17953.974,-1.3732548917761767,0.08,236.028,1.6126949139408042,80.0,0,868753.38,2.32,3.24
2014-04-01,6.2,18185.911,5.268365026582655,0.09,236.468,2.015125303606169,84.1,0,875086.45,2.26,3.31
2014-05-01,6.3,18185.911,5.268365026582655,0.09,236.918,2.166947687079812,81.9,0,878555.19,2.26,3.31
2014-06-01,6.1,18185.911,5.268365026582655,0.1,237.231,2.0589816945944195,82.5,0,878415.09,2.26,3.31
2014-07-01,6.2,18406.941,4.950916534930627,0.09,237.498,1.9742378703305974,81.8,0,884171.75,2.2,3.07
2014-08-01,6.1,18406.941,4.950916534930627,0.09,237.46,1.7150983482969062,82.5,0,886133.52,2.2,3.07
2014-09-01,5.9,18406.941,4.950916534930627,0.09,237.477,1.6840509711232077,84.6,0,887169.15,2.2,3.07
2014-10-01,5.7,18500.031,2.0383303103057804,0.09,237.43,1.6095417021513292,86.9,0,889798.43,2.15,3.01
2014-11-01,5.8,18500.031,2.0383303103057804,0.09,236.983,1.231524989320798,88.8,0,882173.75,2.15,3.01
2014-12-01,5.6,18500.031,2.0383303103057804,0.12,236.252,0.6531213919623191,93.6,0,887381.64,2.15,3.01
2015-01-01,5.7,18666.621,3.650885031119766,0.11,234.747,-0.22993097820542818,98.1,0,881033.59,2.11,2.94
2015-02-01,5.5,18666.621,3.650885031119766,0.11,235.342,-0.08703146293520536,95.4,0,884751.64,2.11,2.94
2015-03-01,5.4,18666.621,3.650885031119766,0.11,235.976,-0.022031284423873476,93.0,0,890777.97,2.11,2.94
2015-04-01,5.4,18782.243,2.5007353109643082,0.12,236.222,-0.10403098939391064,95.9,0,898602.06,2.12,2.92
2015-05-01,5.6,18782.243,2.5007353109643082,0.12,237.001,0.03503321824429584,90.7,0,900342.45,2.12,2.92
2015-06-01,5.3,18782.243,2.5007353109643082,0.13,237.657,0.1795718097550525,96.1,0,905490.7,2.12,2.92
2015-07-01,5.2,18857.418,1.6106176842981101,0.13,238.034,0.22568611104094582,93.1,0,911442.36,2.15,2.94
2015-08-01,5.1,18857.418,1.6106176842981101,0.14,238.033,0.2413037985344868,91.9,0,914594.11,2.15,2.94
2015-09-01,5.0,18857.418,1.6106176842981101,0.14,237.498,0.008842961634170088,87.2,0,920698.87,2.15,2.94
2015-10-01,5.0,18892.206,0.7399609712167354,0.12,237.733,0.12761656067050708,90.0,0,921731.24,2.16,2.93
2015-11-01,5.1,18892.206,0.7399609712167354,0.12,238.017,0.4363182169185187,91.3,0,917819.55,2.16,2.93
2015-12-01,5.0,18892.206,0.7399609712167354,0.24,237.761,0.6387247515364791,92.6,0,898082.65,2.16,2.93
2016-01-01,4.8,19001.69,2.3383061524439253,0.34,237.652,1.2375025026943876,92.0,0,903391.27,2.15,3.04
2016-02-01,4.9,19001.69,2.3383061524439253,0.38,237.336,0.8472775790126619,91.7,0,907247.94,2.15,3.04
2016-03-01,5.0,19001.69,2.3383061524439253,0.36,238.08,0.8916160965521946,91.0,0,920927.83,2.15,3.04
2016-04-01,5.1,19062.709,1.2906967702374539,0.37,238.992,1.1726257503534843,89.0,0,926777.57,2.21,3.02
2016-05-01,4.8,19062.709,1.2906967702374539,0.37,239.557,1.0784764621246223,94.7,0,926207.93,2.21,3.02
2016-06-01,4.9,19062.709,1.2906967702374539,0.38,240.222,1.0792865347959424,93.5,0,934914.74,2.21,3.02
2016-07-01,4.8,19197.938,2.8678981414693494,0.39,240.101,0.8683633430518256,90.0,0,940893.83,2.29,3.05
2016-08-01,4.9,19197.938,2.8678981414693494,0.4,240.545,1.0553158595656864,89.8,0,945450.2,2.29,3.05
2016-09-01,5.0,19197.938,2.8678981414693494,0.4,241.176,1.5486446201652182,91.2,0,950383.25,2.29,3.05
2016-10-01,4.9,19304.352,2.235699518586598,0.4,241.741,1.685924966243646,87.2,0,949019.77,2.37,3.49
2016-11-01,4.7,19304.352,2.235699518586598,0.41,242.026,1.6843334719788938,93.8,0,953427.45,2.37,3.49
2016-12-01,4.7,19304.352,2.235699518586598,0.54,242.637,2.0507989115119862,98.2,0,960095.49,2.37,3.49
2017-01-01,4.7,19398.343,1.9618307902452337,0.65,243.618,2.5103933482571117,98.5,0,963412.14,2.4,3.46
2017-02-01,4.6,19398.343,1.9618307902452337,0.66,244.006,2.8103616813294208,96.3,0,969194.19,2.4,3.46
2017-03-01,4.4,19398.343,1.9618307902452337,0.79,243.892,2.44119623655914,96.9,0,974868.85,2.4,3.46
2017-04-01,4.4,19506.949,2.258367983115228,0.9,244.193,2.176223471915395,97.0,0,978104.15,2.49,3.51
2017-05-01,4.4,19506.949,2.258367983115228,0.91,244.004,1.8563431667619756,97.1,0,980279.99,2.49,3.51
2017-06-01,4.3,19506.949,2.258367983115228,1.04,244.163,1.640565809959127,95.0,0,985028.53,2.49,3.51
2017-07-01,4.3,19660.766,3.1915992394406345,1.15,244.243,1.7251073506566073,93.4,0,988170.45,2.54,3.58
2017-08-01,4.4,19660.766,3.1915992394406345,1.16,245.183,1.92812155729698,96.8,0,992523.1,2.54,3.58
2017-09-01,4.3,19660.766,3.1915992394406345,1.15,246.435,2.1805652303711787,95.1,0,998846.97,2.54,3.58
2017-10-01,4.2,19882.352,4.584974811729059,1.15,246.626,2.020757753132485,100.7,0,1005844.63,2.48,3.69
2017-11-01,4.2,19882.352,4.584974811729059,1.16,247.284,2.172493864295566,98.5,0,1011810.7,2.48,3.69
2017-12-01,4.1,19882.352,4.584974811729059,1.3,247.805,2.129930719552253,95.9,0,1016806.6,2.48,3.69
2018-01-01,4.0,20044.077,3.293553047698339,1.41,248.859,2.151318868063945,95.7,0,1022645.86,2.5,3.66
2018-02-01,4.1,20044.077,3.293553047698339,1.42,249.529,2.263468931091861,99.7,0,1024831.9,2.5,3.66
2018-03-01,4.0,20044.077,3.293553047698339,1.51,249.577,2.3309497646499366,101.4,0,1028766.03,2.5,3.66
2018-04-01,4.0,20150.476,2.1402669926408935,1.69,250.227,2.4709963021052994,98.8,0,1025126.26,2.5,3.61
2018-05-01,3.8,20150.476,2.1402669926408935,1.7,250.792,2.781921607842497,98.0,0,1027283.18,2.5,3.61
2018-06-01,4.0,20150.476,2.1402669926408935,1.82,251.018,2.8075506935940187,98.2,0,1025346.97,2.5,3.61
2018-07-01,3.8,20276.154,2.5182268082057035,1.91,251.214,2.854124785561929,97.9,0,1035824.78,2.52,3.65
2018-08-01,3.8,20276.154,2.5182268082057035,1.91,251.663,2.6429238568742575,96.2,0,1042274.79,2.52,3.65
2018-09-01,3.7,20276.154,2.5182268082057035,1.95,252.182,2.332055105808828,100.1,0,1044435.9,2.52,3.65
2018-10-01,3.8,20304.874,0.5677817986818878,2.19,252.772,2.492032470218053,98.6,0,1050200.23,2.54,3.66
2018-11-01,3.8,20304.874,0.5677817986818878,2.2,252.594,2.147328577667773,97.5,0,1052273.29,2.54,3.66
2018-12-01,3.9,20304.874,0.5677817986818878,2.27,252.767,2.0023809043401064,98.3,0,1053847.44,2.54,3.66
2019-01-01,4.0,20431.641,2.520756202743435,2.4,252.561,1.4875893578291333,91.2,0,1060871.35,2.54,3.7
2019-02-01,3.8,20431.641,2.520756202743435,2.4,253.319,1.5188615351321877,93.8,0,1063152.34,2.54,3.7
2019-03-01,3.8,20431.641,2.520756202743435,2.41,254.277,1.8831863513063984,98.4,0,1063183.99,2.54,3.7
2019-04-01,3.7,20602.275,3.3826649590035895,2.42,255.233,2.000583470209061,97.2,0,1069911.76,2.59,3.67
2019-05-01,3.6,20602.275,3.3826649590035895,2.39,255.296,1.7959105553606136,100.0,0,1073219.5,2.59,3.67
2019-06-01,3.6,20602.275,3.3826649590035895,2.38,255.213,1.671194894390049,98.2,0,1071356.44,2.59,3.67
2019-07-01,3.7,20843.322,4.762784209178728,2.4,255.802,1.826331335037068,98.4,0,1082725.64,2.6,3.68
2019-08-01,3.6,20843.322,4.762784209178728,2.13,256.036,1.7376412106666406,89.8,0,1084058.65,2.6,3.68
2019-09-01,3.5,20843.322,4.762784209178728,2.04,256.43,1.6844977040391562,93.2,0,1084272.68,2.6,3.68
2019-10-01,3.6,20985.448,2.755535957854649,1.83,257.155,1.7339736996186295,95.5,0,1087260.79,2.61,3.77
2019-11-01,3.6,20985.448,2.755535957854649,1.55,257.879,2.092290394862917,96.8,0,1077235.11,2.61,3.77
2019-12-01,3.6,20985.448,2.755535957854649,1.55,258.63,2.3195274699624457,99.3,0,1091988.88,2.61,3.77
2020-01-01,3.6,20709.212,-5.16223383893778,1.55,259.127,2.599767976845202,99.8,0,1076066.6,2.69,3.75
2020-02-01,3.5,20709.212,-5.16223383893778,1.58,259.25,2.3413166797595197,101.0,0,1081538.96,2.69,3.75
2020-03-01,4.4,20709.212,-5.16223383893778,0.65,258.076,1.4940399642909163,89.1,1,1062207.46,2.69,3.75
2020-04-01,14.8,19077.992,-27.97614656719044,0.05,256.032,0.3130472940411133,71.8,1,1005102.9,2.45,3.84
2020-05-01,13.2,19077.992,-27.97614656719044,0.05,255.802,0.1982013035848551,72.3,0,980419.13,2.45,3.84
2020-06-01,11.0,19077.992,-27.97614656719044,0.08,257.042,0.7166562831830481,78.1,0,973452.87,2.45,3.84
2020-07-01,10.2,20558.879,34.8550059746765,0.09,258.352,0.9968647625897997,72.5,0,971303.2,1.99,3.51
2020-08-01,8.4,20558.879,34.8550059746765,0.1,259.316,1.2810698495523853,74.1,0,961387.23,1.99,3.51
2020-09-01,7.8,20558.879,34.8550059746765,0.09,259.997,1.3910228912373812,80.4,0,964357.67,1.99,3.51
2020-10-01,6.9,20791.917,4.611736044615711,0.09,260.319,1.2303863428671624,81.8,0,961050.49,2.1,2.68
2020-11-01,6.7,20791.917,4.611736044615711,0.09,260.911,1.1757452138405844,76.9,0,953267.65,2.1,2.68
2020-12-01,6.7,20791.917,4.611736044615711,0.09,262.045,1.3204191315779434,80.7,0,954603.43,2.1,2.68
2021-01-01,6.4,21082.134,5.701255644273506,0.09,262.687,1.3738437137002402,79.0,0,951410.1,1.88,2.84
2021-02-01,6.2,21082.134,5.701255644273506,0.08,263.579,1.6698167791706853,76.8,0,955382.31,1.88,2.84
2021-03-01,6.1,21082.134,5.701255644273506,0.07,264.961,2.6678187820641908,84.9,0,952080.8,1.88,2.84
2021-04-01,6.1,21440.929,6.983331307653917,0.07,266.614,4.133077115360573,88.3,0,952144.46,1.59,2.42
2021-05-01,5.8,21440.929,6.983331307653917,0.06,268.383,4.918257089467626,82.9,0,960451.8,1.59,2.42
2021-06-01,5.9,21440.929,6.983331307653917,0.08,270.654,5.295632620349999,85.5,0,985552.64,1.59,2.42
2021-07-01,5.4,21617.828,3.34127932577879,0.1,271.903,5.245169381309234,81.2,0,990634.82,1.53,1.76
2021-08-01,5.1,21617.828,3.34127932577879,0.09,272.676,5.152015301793966,70.3,0,994035.02,1.53,1.76
2021-09-01,4.7,21617.828,3.34127932577879,0.08,273.91,5.351215590949132,72.8,0,1005471.37,1.53,1.76
2021-10-01,4.5,21988.737,7.0416786109130936,0.08,276.55,6.235042390298062,71.7,0,1013717.84,1.57,1.63
2021-11-01,4.1,21988.737,7.0416786109130936,0.08,278.919,6.901970403700863,67.4,0,1026365.94,1.57,1.63
2021-12-01,3.9,21988.737,7.0416786109130936,0.08,280.845,7.174340285065539,70.6,0,1033546.93,1.57,1.63
2022-01-01,4.0,21932.71,-1.0153057807451127,0.08,282.543,7.558805726967832,67.2,0,1043043.0,1.69,1.74
2022-02-01,3.9,21932.71,-1.0153057807451127,0.08,284.5,7.937278766517819,62.8,0,1054708.34,1.69,1.74
2022-03-01,3.7,21932.71,-1.0153057807451127,0.2,287.674,8.572204966013853,59.4,0,1077503.17,1.69,1.74
2022-04-01,3.7,21967.045,0.6276599617172085,0.33,288.561,8.231750770777225,65.2,0,1091128.82,1.83,1.89
2022-05-01,3.6,21967.045,0.6276599617172085,0.77,291.298,8.538171195642065,58.4,0,1100547.3,1.83,1.89
2022-06-01,3.6,21967.045,0.6276599617172085,1.21,294.957,8.979361103105798,50.0,0,1120168.09,1.83,1.89
2022-07-01,3.5,22125.625,2.9190173117406015,1.68,294.913,8.462576727730099,51.5,0,1129894.02,2.05,2.05
2022-08-01,3.6,22125.625,2.9190173117406015,2.33,295.097,8.222579178218826,58.2,0,1144930.67,2.05,2.05
2022-09-01,3.5,22125.625,2.9190173117406015,2.56,296.349,8.192106896425821,58.6,0,1155439.56,2.05,2.05
2022-10-01,3.6,22278.345,2.7896792303830242,3.08,298.007,7.758813957693,59.9,0,1167445.0,2.26,2.5
2022-11-01,3.6,22278.345,2.7896792303830242,3.78,298.786,7.122856456533988,56.7,0,1183888.99,2.26,2.5
2022-12-01,3.5,22278.345,2.7896792303830242,4.1,298.832,6.404600402357152,59.8,0,1192639.7,2.26,2.5
2023-01-01,3.5,22439.607,2.9269931752128775,4.33,300.42,6.327178517960097,64.9,0,1199848.64,2.47,2.88
2023-02-01,3.6,22439.607,2.9269931752128775,4.57,301.45,5.957820738137087,66.9,0,1204657.9,2.47,2.88
2023-03-01,3.5,22439.607,2.9269931752128775,4.65,301.821,4.917719362889961,62.0,0,1220942.04,2.47,2.88
2023-04-01,3.4,22580.499,2.5352403907615395,4.83,302.845,4.950079879124369,63.7,0,1232543.71,2.75,3.26
2023-05-01,3.6,22580.499,2.5352403907615395,5.06,303.334,4.131851231385042,59.0,0,1241274.52,2.75,3.26
2023-06-01,3.6,22580.499,2.5352403907615395,5.08,304.014,3.070617072997095,64.2,0,1247629.97,2.75,3.26
2023-07-01,3.5,22840.989,4.694888429547928,5.12,304.609,3.287749268428297,71.5,0,1255755.94,2.94,3.7
2023-08-01,3.7,22840.989,4.694888429547928,5.33,306.082,3.722504803505289,69.4,0,1271810.03,2.94,3.7
2023-09-01,3.7,22840.989,4.694888429547928,5.33,307.276,3.687206638119256,67.8,0,1277927.44,2.94,3.7
2023-10-01,3.9,23033.78,3.4192155752948095,5.33,307.696,3.2512659098611785,63.8,0,1282359.38,3.1,4.17
2023-11-01,3.7,23033.78,3.4192155752948095,5.33,308.148,3.1333462745911866,61.3,0,1301585.93,3.1,4.17
2023-12-01,3.8,23033.78,3.4192155752948095,5.33,308.741,3.3159099427102934,69.7,0,1298865.89,3.1,4.17
2024-01-01,3.7,23082.119,0.8420915771010673,5.33,309.698,3.0883429864855705,79.0,0,1308351.47,3.17,4.43
2024-02-01,3.9,23082.119,0.8420915771010673,5.33,310.967,3.157074141648697,76.9,0,1319462.37,3.17,4.43
2024-03-01,3.9,23082.119,0.8420915771010673,5.33,312.345,3.4868349120836584,79.4,0,1320920.6,3.17,4.43
2024-04-01,3.9,23286.508,3.5892686664036777,5.33,313.023,3.3607951262196734,77.2,0,1322883.53,3.22,4.59
2024-05-01,3.9,23286.508,3.5892686664036777,5.33,313.175,3.244278584003113,69.1,0,1331284.5,3.22,4.59
2024-06-01,4.1,23286.508,3.5892686664036777,5.33,313.044,2.9702579486470926,68.2,0,1330878.94,3.22,4.59
2024-07-01,4.2,23478.57,3.340152501559479,5.33,313.569,2.9414757935583014,66.4,0,1337484.66,3.2,4.64
2024-08-01,4.2,23478.57,3.340152501559479,5.33,314.062,2.607144490692037,67.9,0,1340184.49,3.2,4.64
2024-09-01,4.1,23478.57,3.340152501559479,5.13,314.732,2.4264830315416708,70.1,0,1342480.89,3.2,4.64
2024-10-01,4.1,23586.542,1.8522267738050768,4.83,315.631,2.578844053871343,70.5,0,1352433.61,3.08,4.56
2024-11-01,4.2,23586.542,1.8522267738050768,4.64,316.528,2.719472461284833,71.8,0,1342090.49,3.08,4.56
2024-12-01,4.1,23586.542,1.8522267738050768,4.48,317.604,2.870690967509981,74.0,0,1296965.62,3.08,4.56
2025-01-01,4.0,23548.21,-0.6484826392524012,4.33,318.961,2.9909783078999608,71.7,0,1301982.23,3.06,4.46
2025-02-01,4.2,23548.21,-0.6484826392524012,4.33,319.679,2.8015834477613355,64.7,0,1304274.47,3.06,4.46
2025-03-01,4.2,23548.21,-0.6484826392524012,4.33,319.785,2.381981462805549,57.0,0,1292802.55,3.06,4.46
2025-04-01,4.2,23770.976,3.8380332333819878,4.33,320.302,2.32538823025783,52.2,0,1299129.25,3.04,4.21
2025-05-01,4.3,23770.976,3.8380332333819878,4.33,320.62,2.3772651073680873,52.2,0,1299722.4,3.04,4.21
2025-06-01,4.1,23770.976,3.8380332333819878,4.33,321.435,2.680453865910226,60.7,0,1301742.19,3.04,4.21
2025-07-01,4.3,24026.834,4.3753962528715995,4.33,322.169,2.742618052167134,61.7,0,1310351.97,2.98,4.15
2025-08-01,4.3,24026.834,4.3753962528715995,4.33,323.291,2.9385917430316155,58.2,0,1308162.07,2.98,4.15
2025-09-01,4.4,24026.834,4.3753962528715995,4.22,324.245,3.0225715847133294,55.1,0,1312713.48,2.98,4.15
